noterevision,noterequestID,notewasLocallyCreated,noteid,notecontent,notetask_id,notematroshkaRevision,notetype,noteisTemporary
33,1143,false,254474087,"Everything leads up to an annual conference which is a 3 day invite-only affair to celebrate our work, talk about the future, get ideas and celebrate the work of our members. Parties, celebrities, music, conference discussion. Eligible to purchase tickets to national conference depends on level of membership.

Ability to take on membership advantages:
Quarterly briefing
Telling stories is very important.
Our job is to keep you connected

Online platform and app to manage your membership. Possibly sell through iTunes.

Help us eliminate inequality in urban American. Join the antinonprofit.

Naming opportunities

Government contractors

So the narrative goes, that I shouldn't be financially successful and personally wealthy for solving a social ill that apparently is important to people

There is this unease with nonprofits. We rely on member support. Members also get something because that's capitalism. But you get something you want or something you need and you can push the needle forward.  
",3850239259,0,note,false
30,3BC1B741-901E-4F47-B655-8C13869B39F1,false,246378431,"Miles
Kids for wish kids
Donate
Consider your company donating
Start an online campaign
Rally us at work with a jeans day
Open doors to people in your network
Be a wish granter for Make A Wish Arizona
participate in Make A Wish Arizona events",3712772252,0,note,false
2,2717,false,266402709,"",3826656465,0,note,false
1,850,false,253652275,"",3744556475,0,note,false
1,2707,false,266390590,"",3869378871,0,note,false
3,1671,false,255762393,"


Individual giving is key

Top of the funnel challenge ‚Äì You struggle with getting new donors
Middle of the funnel challenge ‚Äì You struggle to upgrade your donors and steward 
Bottom of the funnel challenge ‚Äì Donors give one time

1.	Start stewarding the donors that you already have
Hands off stewardship
Hands on stewardship
Stewardship track

2.	Events
3.	Board
a.	Their role
b.	Qualifications
c.	Fear that people will roll off if you ask to much of them
d.	Being on the board is a privilege
i.	Pay your entry fee by making an introduction
ii.	Pay your fee by volunteering
4.	Your Executive Director and their role
a.	Never be alone
b.	They don‚Äôt manage the pipeline
c.	Fundraising is an art, use best practices. 
5.	What type of VP of Development will serve you well
6.	Direct mail
7.	Online giving
8.	Foundations
a.	Think of it as a method of giving. Would you call someone out of the blue and ask for $40,000
9.	Planned Giving
10.	Measuring Success
11.	Moves meeting
12.	Stop having mealy mouth interactions
13.	Real Stewardship
14.	Be daring with a case for support
15. Politicians
Listen to recording from Quinton


",3872662021,0,note,false
1,2036,false,259462298,"",3822741040,0,note,false
2,1276,false,254485498,"",3844306386,0,note,false
24,1764,false,257298252,"
D.	Joaque signed pledge card
G.	Donor Wall
H.	Ned naming opportunity and Schwab
J.	Statue creation and unveiling
K.	Grand Opening (invite list)
L.	Campaign Stewardship
M.  Confirm terms of pledges, and accounting of pledges
",3899372982,0,note,false
1,2035,false,259462075,"",3932671171,0,note,false
1,2713,false,266392541,"",3912244623,0,note,false
1,2363,false,262664653,"",3975088148,0,note,false
1,2341,false,262189677,"",3984239420,0,note,false
33,2118,false,259812158,"Grand Opening
- Invitations (Dave Siewart, 
- Program

Stewardship Plan
- Campaign

Donor Wall
- Find vendor
- Get designed
- Get approved

Donor Rooms, Plaques, and Stories
- Confirm the right names
- Collect quotes

Statue

Marley Proposal

Inner Core 

Campaign Accounting

Retrieving Signed Pledge Cards

Manage West Relationship

Rick and Judy Cox Dinner

Staff Retreat

Board Meeting Materials",3942571260,0,note,false
1,2836,false,270567077,"",3975108119,0,note,false
4,8A8278E9-5607-4FF3-B209-FAAEEA545F37,false,310444157,"Software
2020 Assessment Cohort
Nonprofit Rebels
Nonprofit Media Podcast

Eventually
Fellowships
Community Programming

Eventually
Agency, Software
Model Nonprofit (AG Model)
Media
Black CCS

Strategic Mindshare and Software Acqusitions
For Impact
Chuck
Ellen
Amy and Andrea
Gravyty
Alum Software
Donately

Fundraising Therapy as a platform",4921392129,0,note,false
33,16D76971-860B-4065-9C2A-4AA166648FFF,false,310752703,"Search section
Search by date and time
Search by Tag - category  - folder
Voice Recordings
Watch the transcriptions.

I need to be able to get to my thoughts!",4927997981,0,note,false
1,2712,false,266392481,"",3990789704,0,note,false
1,E353D86A-9A4D-4564-9547-05301131F30A,false,310750308,"",4927950534,0,note,false
33,2546,false,263218369,"Who manages our important relationships?
Who is using the leverage of the national office to build relationships on behalf of chapters and the national office?
Who facilitates the involvement of the CEO in development and relationship building efforts
How do we partner with chapters in our relationship building efforts?
Who coaches/advises the board on achieving their fundraising goals?
Does the board of directors need a leadership coach?
Paid board advisor to help coach?
What do we do when a pledge is late?
How do we maintain our relationships post-campaign?
Top of the month pledge payment report
Figure out the strategy for connectors and the stewardship plan for them?
Who manages stewardship
Who sends out pledges
Who is our politician

",3991000298,0,note,false
22,1839ABCF-F492-46D4-9371-BA2C5A30A388,false,311595651,"Morning Business:
Fundraising Therapy:
Real Politics:
Nightcap:
Sales
Fundraising Pitching
",4928558958,0,note,false
2,72951F0D-4A87-47CB-B0B7-8D30EEA4C6E2,false,310782806,"Content Day on Friday
",4928559079,0,note,false
22,152F5F73-5457-42E3-B53C-6457C2939566,false,310754144,"tHERE WAS A FEDERAL INVESTIGATION AFTER THEY BEAT JIMMY! (AND OF COURSE HE GOT A SETTLEMENT)

NEWS STORY JIM MORRISON A RESDIENT (THE WHITEST PICTURE EVER LOOKING ADORABLE)",4928023600,0,note,false
9,D3C7C4C1-89AA-4703-89DA-F46AE680A96C,false,310785556,"Technologist
Strategist
Marketer
Musician
Mr. Kivan Radio
S
",4928605999,0,note,false
1,06C078D5-F152-4038-AB31-26744BCC295D,false,310829632,"",4929320082,0,note,false
1,2F492B38-27ED-40FB-99C3-762377959C4B,false,311575747,"This includes Twitter (Fundraising Experts), Facebook, and Instagram'",4946094115,0,note,false
2,A17AB4A4-EA60-4286-81F8-847BB9E5A00E,false,312646423,"https://tucson.craigslist.org/lgl/d/tucson-temporary-receptionist-needed/6873703244.html
",4967918844,0,note,false
10,40ABA524-BA4F-4206-896B-D2304217703F,false,311594151,"Add buttons - send feed to all other platforms
Add bio
Make sure email connects somewhere
Make sure contact connects somewhere
Change feed to come from mrkivan in iTunes
Mail chimp - https://garyvaynerchuk.us2.list-manage.com/subscribe?u=86038d4417ce1a95af9b5eb09&id=23b1f26be4
",4946557500,10,note,false
1,881FA671-C00F-4983-B500-501599CEBE89,false,311932384,"We can investigate and track your payment in account receivables management inbound department at 844-221-3926.",4950085674,1,note,false
2,2A66A319-4841-4DDA-BC29-9DD7A15463AF,false,314505108,"Tip for a white person today
",5004349279,0,note,false
2,96DF9B8F-3396-45BD-BA51-998C6BBFB448,false,313625335,"Ballers - Everybody know",4987969991,0,note,false
2,7CA1FEFF-807A-461D-A071-589381637BD3,false,315926083,"The other person is my situation wanted to murder me too
",5035455347,0,note,false
10,03BDA2AC-4875-4A08-BF2B-D7C02E83C30D,false,316896840,"Pen Pals
Photo
Phone Call
Managing your life
5 Photos a year

",5054627169,0,note,false
41,199AFA62-B2C7-4BAE-9C8C-83BD34064C6E,false,316897020,"If you turn this platform into a marketplace‚Ä¶im going 

You have to make a social network
Recruit 5,000 celebrities and give them stock if the complete this action in this date and time
Ill pay for marketing

People need to be compensated

Make people pay you for your content 

Y'all are giving away too much content

Work at home and screen pictures",5054628899,0,note,false
74,AF5C6BA1-F31E-4B48-A8B8-7211EE05A8C9,false,316973828,"Im big too - ego
I can do what others failed to do.
I can do what others thought about doing but was to scared or content not to do.
I can do what everyone should have done a long time ago

I am trying to conquer white supremacy and whiteness?

White People climb mountains because thats the only thing they think is bigger than them.

Black people climb white people



White liberalism, elitism, feminism, and philanthropy and capitalism, media,
Christian Right
White Nationalists
NRA
Poor white trash

I climb to the mountain because I wonder if it will be like I imagined, but getting there is misery",5056896573,0,note,false
41,8D1838F5-439E-45A6-A4DE-4F31D016AEAF,false,316993154,"Sommore
LaSha

30 minute show
'White comedian that always quotes Black people

The Black America Foundation Series

The Black Office

The Black person that quotes bible verses

Focus Groups

You always want to quote Chris Rock

Poor White people feele\

White division

",5057308564,41,note,false
51,2888B4DA-D8A7-45D8-932E-708648C03055,true,326771053,"How would you describe our relationship?
Where have I caused you pain?
Where have I caused you joy?
What do you love about me?
What do you hate about me?
When have I disappointed you?
When have I let you down?
When did I exceed expectations?
What did I fail to meet expectations?
When did I offend you?
When did I hurt your feelings?
When did I make you angry?
When did I cross the line?
What do I have left to learn?
What do you think I will never learn?
How am I like my mother/father?",5262425217,51,note,false
52,911ECE65-D6FA-479F-B1A9-92483555C472,true,340090507,"Magsman Interactive uses this link to pull pictures of the guests for each upcoming episode. 

When guests sign up for Good Morning Black People (https://black.radio/guest-prep/) they submit a link to a picture that will be used on the Good Morning Black People art. 

For now, it will be Ken's job to add the photos to the Dropbox folder below with the correct episode number and the correct spelling of the guest. Magsman Interactive will use this photo and episode number to create episode artwork that will be delivered by the deadline you set in the Upwork milestone though most times it is delivered much sooner.

(https://www.dropbox.com/sh/9bay8hrwc3y8qp6/AAAtGpKjexN3br-ga12rEUjYa?dl=0)",5502345514,52,note,false
3,7363EA95-B2D5-4B33-9B98-C44035F8E129,true,340103866,"Before each episode launch, Ken may log in and make a few last minute editorial changes, if he finds errors he will notify the person in charge of the task.",5516718358,3,note,false
3,9C40A244-2A84-4E21-A659-D35E84F689C5,true,340792183,"January 2020

1st and 15th",5516687833,3,note,false
8,5B2F268B-A2F2-445C-87F7-60A7B124A551,true,340110998,"When we are in the flow of things we will place an order for a GMBP episode with",5502355364,8,note,false
2,C2B2D115-EB8F-4155-8758-5A8D0C9FF070,true,340105646,"Before each episode launch, Ken may log in and make a few last minute editorial changes, if he finds errors he will notify the person in charge of the task.",5530998802,2,note,false
17,C4F9EF26-7097-4288-8FEB-A82D338FCAF3,true,340088825,"On interview request day a form letter is scheduled and sent to interviewees for the Above Goal Podcast with Ken Jones. 

They are directed to this website:

https://abovegoal.com/guestprep/",5522583760,17,note,false
29,14E5EB25-67BC-434C-A0FF-9334137DCBD0,true,340102763,"Before each episode launch, Ken may log in and make a few last minute editorial changes, if he finds errors he will notify the person in charge of the task.",5530900259,29,note,false
29,42940EC7-7FF8-44C0-A19B-75E4D1BDE7C9,true,340101868,"Once Magsman Interactive has uploaded the completed artwork for each episode, it will be your job to upload this artwork to Later.com on all of the platforms.

Above Goal Facebook
Above Goal Twitter
Above Goal Instagram

Follow the format from the previous weeks on Later.com

You will notice that Magsman is sending photos for stories too. Later.com allows stories so if you feel this is something that would be recommended for us to do use that artwork to post in stories.

",5522630970,29,note,false
2,F05FC2EE-E4A7-4C39-A4AF-35CDEA31D5D4,true,340110984,"Before each episode launch, Ken may log in and make a few last minute editorial changes, if he finds errors he will notify the person in charge of the task.",5531045350,2,note,false
2,F425FFAA-DAEC-4287-9441-C80688020FF4,true,340110899,"https://www.loom.com/share/e9b4d76bf70a46a381494c3edb94da81",5530924581,2,note,false
3,2E1EA1E2-BDC1-462D-B046-166B3749605F,true,340105665,"Use this guide

https://www.loom.com/share/c7ea61d938c145a5829c7c3c4d6a2fda",5531045189,3,note,false
88,F38A68FC-13C2-446D-A86C-E8EE821AD86F,true,340090766,"Magsman Interactive creates all of the artwork for Above Goal Podcast with Ken Jones. You can communicate with them via my Upwork account.

https://abovegoal.com/guestprep/

You will generally place an order for two shows at a time and will escrow $3.75 per each two shows. (They are paid $1.875 per piece of artwork) 

You have seen the artwork on LinkedIn for the past few weeks that they have done. 

In January we are going to start a Wednesday edition of the show with interviews, they will need to refashion the poster to include the photo of the person that we are interviewing. When we start the interview series for ABGP they will start getting paid $7.5 per order of artwork for two weeks.

They have a habit of uploading the completed product in Upwork messages but its important that they upload the completed work via this link as well:
https://www.dropbox.com/request/EEskKNiuDkuprqtJdU94

You can access the completed work via this link.
https://www.dropbox.com/sh/ef9d1fz4vc9znnb/AACg1HkBMGKMuAW3mApHlNyfa?dl=0",5545586585,88,note,false
3,4D377B3B-0D28-4C43-B7EE-0668A1646033,true,340103929,"Before each episode launch, Ken may log in and make a few last minute editorial changes, if he finds errors he will notify the person in charge of the task.",5545634934,3,note,false
93,ADB9F2BA-406B-4C93-A1E1-08F5F43D862E,true,340093754,"Once Magsman Interactive has uploaded the completed artwork for each episode, it will be your job to upload this artwork to Later.com on all of the platforms.

When new* guests sign up for an interview via Calendly they will include their usernames for each platform, Twitter and Instagram specifically. It will be your job to make sure they are @'d in each post for Twitter or tagged in the post for Instagram. Castelan the DJ for GMBP's username is ZECASTELAN on Instagram. He is tagged in every Instagram post.

You won't have to worry about @'ing a username on Facebook. We don't ask for it. Most of the interviewees will be in my personal network and I will @ them on my personal Facebook page when I post on Fridays. 

Posts are usually scheduled for 7am on Fridays my time. Follow the guide of the other posts from October episodes when it comes to tags, post timing, and format.

Black.Radio Facebook
Black.Radio Instagram
Black.Radio Twitter
Mr.kivan Facebook
Mr.Kivan Instagram
Mr.Kivan Twitter
",5531070095,93,note,false
60,8462AE76-FE05-4425-8872-EBC5B27B61F2,true,340103951,"Once Magsman Interactive has uploaded the completed artwork for each episode, it will be your job to upload this artwork to Hootsuite for automatic posting on LinkedIn.

LinkedIn:
Kenneth Jones Personal Profile
Above Goal Personal Profile

Starting in January we will have guests on Wednesdays. Unfortunately Hootsuite does not allow tagging of users on their platform.  On Wednesdays it will be necessary for you to update posts on LinkedIn to include include a mention of the guest in the post on my personal profile as well as the Above Goal profile.

Post Format A
How does your organization intend to change the world? On today's monologue, I talk about the importance of having a 'Blank Check Plan'.

In the second segment, I spotlight the Tucson Botanical Gardens.

Clients and prospects can stick around for the later segments to hear my quarterly letter to clients and Above Goal's value proposition for fundraising firms.

Listen on abovegoal.com

Format B
How does your organization intend to change the world? On today's monologue, I talk about the importance of having a 'Blank Check Plan'.

In the second segment, I spotlight the Tucson Botanical Gardens.

Clients and prospects can stick around for the later segments to hear my quarterly letter to clients and Above Goal's value proposition for nonprofit organizations in the midst of a capital campaign. 
Listen on abovegoal.com
",5545818171,60,note,false
36,0862BF73-257B-4F66-B8CF-C1EAF2FDCEF7,true,340104075,"Upworkx
Calendlyx
Laterx
ID encode software
Black.Radio loginx
Above Goal post loginx
Buzzsprout loginx
Hootsuite loginx
Soundcloud login Black Radiox
Soundcloud login Above Goalx
Linkedin
Officex",5545838732,36,note,false
8,962D3022-C677-4C1A-8313-CE5D2A27A9FF,true,340105342,"Not relevant until Jan 2020

On Wednesdays it will be necessary for you to update posts on LinkedIn to include a mention of the guest in the post on my personal profile as well as the Above Goal profile.",5545854475,8,note,false
1,D52C429D-DAF3-44D6-B499-18FC8B473D9B,false,341119582,"Magsman Interactive creates all of the artwork for Above Goal Podcast with Ken Jones. You can communicate with them via my Upwork account.

https://abovegoal.com/guestprep/

You will generally place an order for two shows at a time and will escrow $3.75 per each two shows. (They are paid $1.875 per piece of artwork) 

You have seen the artwork on LinkedIn for the past few weeks that they have done. 

In January we are going to start a Wednesday edition of the show with interviews, they will need to refashion the poster to include the photo of the person that we are interviewing. When we start the interview series for ABGP they will start getting paid $7.5 per order of artwork for two weeks.

They have a habit of uploading the completed product in Upwork messages but its important that they upload the completed work via this link as well:
https://www.dropbox.com/request/EEskKNiuDkuprqtJdU94

You can access the completed work via this link.
https://www.dropbox.com/sh/ef9d1fz4vc9znnb/AACg1HkBMGKMuAW3mApHlNyfa?dl=0",5567316476,1,note,false
1,CE148F47-DF51-458F-9CB9-65D190FB3300,false,341119558,"Not relevant until Jan 2020

On Wednesdays it will be necessary for you to update posts on LinkedIn to include a mention of the guest in the post on my personal profile as well as the Above Goal profile.",5567316070,1,note,false
1,3CA8C59B-09F3-47AA-997E-3699B3016671,false,341119653,"Magsman Interactive creates all of the artwork for Above Goal Podcast with Ken Jones. You can communicate with them via my Upwork account.

https://abovegoal.com/guestprep/

You will generally place an order for two shows at a time and will escrow $3.75 per each two shows. (They are paid $1.875 per piece of artwork) 

You have seen the artwork on LinkedIn for the past few weeks that they have done. 

In January we are going to start a Wednesday edition of the show with interviews, they will need to refashion the poster to include the photo of the person that we are interviewing. When we start the interview series for ABGP they will start getting paid $7.5 per order of artwork for two weeks.

They have a habit of uploading the completed product in Upwork messages but its important that they upload the completed work via this link as well:
https://www.dropbox.com/request/EEskKNiuDkuprqtJdU94

You can access the completed work via this link.
https://www.dropbox.com/sh/ef9d1fz4vc9znnb/AACg1HkBMGKMuAW3mApHlNyfa?dl=0",5567318038,1,note,false
1,85CE0F1D-D37F-43C2-B25D-348856943F42,false,341119689,"Once Magsman Interactive has uploaded the completed artwork for each episode, it will be your job to upload this artwork to Hootsuite for automatic posting on LinkedIn.

LinkedIn:
Kenneth Jones Personal Profile
Above Goal Personal Profile

Starting in January we will have guests on Wednesdays. Unfortunately Hootsuite does not allow tagging of users on their platform.  On Wednesdays it will be necessary for you to update posts on LinkedIn to include include a mention of the guest in the post on my personal profile as well as the Above Goal profile.

Post Format A
How does your organization intend to change the world? On today's monologue, I talk about the importance of having a 'Blank Check Plan'.

In the second segment, I spotlight the Tucson Botanical Gardens.

Clients and prospects can stick around for the later segments to hear my quarterly letter to clients and Above Goal's value proposition for fundraising firms.

Listen on abovegoal.com

Format B
How does your organization intend to change the world? On today's monologue, I talk about the importance of having a 'Blank Check Plan'.

In the second segment, I spotlight the Tucson Botanical Gardens.

Clients and prospects can stick around for the later segments to hear my quarterly letter to clients and Above Goal's value proposition for nonprofit organizations in the midst of a capital campaign. 
Listen on abovegoal.com
",5567318955,1,note,false
1,C36AB604-842C-4C1E-B753-AE3C54D7C0A7,false,341119723,"Before each episode launch, Ken may log in and make a few last minute editorial changes, if he finds errors he will notify the person in charge of the task.",5567319778,0,note,false
1,1F6C11CB-D87A-4B5B-AABE-7195A96E8743,false,341119669,"Magsman Interactive creates all of the artwork for Above Goal Podcast with Ken Jones. You can communicate with them via my Upwork account.

https://abovegoal.com/guestprep/

You will generally place an order for two shows at a time and will escrow $3.75 per each two shows. (They are paid $1.875 per piece of artwork) 

You have seen the artwork on LinkedIn for the past few weeks that they have done. 

In January we are going to start a Wednesday edition of the show with interviews, they will need to refashion the poster to include the photo of the person that we are interviewing. When we start the interview series for ABGP they will start getting paid $7.5 per order of artwork for two weeks.

They have a habit of uploading the completed product in Upwork messages but its important that they upload the completed work via this link as well:
https://www.dropbox.com/request/EEskKNiuDkuprqtJdU94

You can access the completed work via this link.
https://www.dropbox.com/sh/ef9d1fz4vc9znnb/AACg1HkBMGKMuAW3mApHlNyfa?dl=0",5567318536,1,note,false
1,7306487D-F85C-4149-9DF1-410AC51CEE41,false,341119724,"Before each episode launch, Ken may log in and make a few last minute editorial changes, if he finds errors he will notify the person in charge of the task.",5567319811,0,note,false
1,309654F8-0BD6-4ED8-93B6-A9A37556A681,false,341119774,"Once Magsman Interactive has uploaded the completed artwork for each episode, it will be your job to upload this artwork to Hootsuite for automatic posting on LinkedIn.

LinkedIn:
Kenneth Jones Personal Profile
Above Goal Personal Profile

Starting in January we will have guests on Wednesdays. Unfortunately Hootsuite does not allow tagging of users on their platform.  On Wednesdays it will be necessary for you to update posts on LinkedIn to include include a mention of the guest in the post on my personal profile as well as the Above Goal profile.

Post Format A
How does your organization intend to change the world? On today's monologue, I talk about the importance of having a 'Blank Check Plan'.

In the second segment, I spotlight the Tucson Botanical Gardens.

Clients and prospects can stick around for the later segments to hear my quarterly letter to clients and Above Goal's value proposition for fundraising firms.

Listen on abovegoal.com

Format B
How does your organization intend to change the world? On today's monologue, I talk about the importance of having a 'Blank Check Plan'.

In the second segment, I spotlight the Tucson Botanical Gardens.

Clients and prospects can stick around for the later segments to hear my quarterly letter to clients and Above Goal's value proposition for nonprofit organizations in the midst of a capital campaign. 
Listen on abovegoal.com
",5567320857,1,note,false
1,4ED85DF7-8591-4C32-9226-853D9C533994,false,341119784,"Once Magsman Interactive has uploaded the completed artwork for each episode, it will be your job to upload this artwork to Later.com on all of the platforms.

When new* guests sign up for an interview via Calendly they will include their usernames for each platform, Twitter and Instagram specifically. It will be your job to make sure they are @'d in each post for Twitter or tagged in the post for Instagram. Castelan the DJ for GMBP's username is ZECASTELAN on Instagram. He is tagged in every Instagram post.

You won't have to worry about @'ing a username on Facebook. We don't ask for it. Most of the interviewees will be in my personal network and I will @ them on my personal Facebook page when I post on Fridays. 

Posts are usually scheduled for 7am on Fridays my time. Follow the guide of the other posts from October episodes when it comes to tags, post timing, and format.

Black.Radio Facebook
Black.Radio Instagram
Black.Radio Twitter
Mr.kivan Facebook
Mr.Kivan Instagram
Mr.Kivan Twitter
",5567321315,1,note,false
1,4ACDAFE7-D272-4EA3-B769-15F9FC0D493D,false,341120138,"Magsman Interactive uses this link to pull pictures of the guests for each upcoming episode. 

When guests sign up for Good Morning Black People (https://black.radio/guest-prep/) they submit a link to a picture that will be used on the Good Morning Black People art. 

For now, it will be Ken's job to add the photos to the Dropbox folder below with the correct episode number and the correct spelling of the guest. Magsman Interactive will use this photo and episode number to create episode artwork that will be delivered by the deadline you set in the Upwork milestone though most times it is delivered much sooner.

(https://www.dropbox.com/sh/9bay8hrwc3y8qp6/AAAtGpKjexN3br-ga12rEUjYa?dl=0)",5567327785,1,note,false
1,C0C5F90E-7491-450A-8E85-0E0D9D104F28,false,341119956,"Once Magsman Interactive has uploaded the completed artwork for each episode, it will be your job to upload this artwork to Later.com on all of the platforms.

When new* guests sign up for an interview via Calendly they will include their usernames for each platform, Twitter and Instagram specifically. It will be your job to make sure they are @'d in each post for Twitter or tagged in the post for Instagram. Castelan the DJ for GMBP's username is ZECASTELAN on Instagram. He is tagged in every Instagram post.

You won't have to worry about @'ing a username on Facebook. We don't ask for it. Most of the interviewees will be in my personal network and I will @ them on my personal Facebook page when I post on Fridays. 

Posts are usually scheduled for 7am on Fridays my time. Follow the guide of the other posts from October episodes when it comes to tags, post timing, and format.

Black.Radio Facebook
Black.Radio Instagram
Black.Radio Twitter
Mr.kivan Facebook
Mr.Kivan Instagram
Mr.Kivan Twitter
",5567324591,1,note,false
1,3A10A04C-83ED-4E6A-A320-27FC48A5B5F8,false,341120147,"Before each episode launch, Ken may log in and make a few last minute editorial changes, if he finds errors he will notify the person in charge of the task.",5567328100,0,note,false
1,E44110CC-3014-4D93-85E4-8709912E7F20,false,341120157,"Magsman Interactive uses this link to pull pictures of the guests for each upcoming episode. 

When guests sign up for Good Morning Black People (https://black.radio/guest-prep/) they submit a link to a picture that will be used on the Good Morning Black People art. 

For now, it will be Ken's job to add the photos to the Dropbox folder below with the correct episode number and the correct spelling of the guest. Magsman Interactive will use this photo and episode number to create episode artwork that will be delivered by the deadline you set in the Upwork milestone though most times it is delivered much sooner.

(https://www.dropbox.com/sh/9bay8hrwc3y8qp6/AAAtGpKjexN3br-ga12rEUjYa?dl=0)",5567328307,1,note,false
1,93E782D8-3FC2-4D02-A075-90791C10A642,false,341120179,"Before each episode launch, Ken may log in and make a few last minute editorial changes, if he finds errors he will notify the person in charge of the task.",5567328718,0,note,false
1,6695B73C-E36C-470B-9E04-AFEF498106C3,false,341120161,"Once Magsman Interactive has uploaded the completed artwork for each episode, it will be your job to upload this artwork to Later.com on all of the platforms.

Above Goal Facebook
Above Goal Twitter
Above Goal Instagram

Follow the format from the previous weeks on Later.com

You will notice that Magsman is sending photos for stories too. Later.com allows stories so if you feel this is something that would be recommended for us to do use that artwork to post in stories.

",5567328353,1,note,false
1,986D3443-BD36-4EAF-AE8C-BCD4300C05CB,false,341120213,"Use this guide

https://www.loom.com/share/c7ea61d938c145a5829c7c3c4d6a2fda",5567329227,1,note,false
1,9DE22709-1930-4CF1-8157-3FC73E50782D,false,341120479,"January 2020

1st and 15th",5567334089,0,note,false
1,8626634C-E458-41ED-8101-9667D2E9DFAB,false,341120176,"https://www.loom.com/share/e9b4d76bf70a46a381494c3edb94da81",5567328670,0,note,false
1,F22543B2-9AE5-45D6-BFCC-32020079C33F,false,341120216,"https://www.loom.com/share/e9b4d76bf70a46a381494c3edb94da81",5567329275,1,note,false
1,EE1E98AB-3907-44E1-AB11-BAD16909F7EB,false,341120499,"When we are in the flow of things we will place an order for a GMBP episode with",5567334556,1,note,false
1,8A4344B9-CE02-4D09-BEC5-B6B10EA229D5,false,341120178,"Use this guide

https://www.loom.com/share/c7ea61d938c145a5829c7c3c4d6a2fda",5567328708,0,note,false
4,633FF41E-735F-424A-802D-DFAE750F9974,true,341389096,"Use Try.Cast",5567346352,4,note,false
1,6DF4793B-4FAF-4EC8-B8AE-51FB1AC0A59F,false,341120497,"Before each episode launch, Ken may log in and make a few last minute editorial changes, if he finds errors he will notify the person in charge of the task.",5567334488,1,note,false
1,C09F5BB7-B28F-47C2-B3EB-569EF4D7E0D0,false,341121175,"When we are in the flow of things we will place an order for a GMBP episode with",5567347037,1,note,false
8,14EEC54A-80D2-4C78-82A2-7D533EB2B040,false,341120523,"January 2020
1st and 3rd - Thursdays",5567334839,8,note,false
15,03314D80-1296-4BA3-AAC5-8065BF19D2DF,true,341122525,"January 2020

1st and 3rd - Thursdays - Above Goal Software
2nd and 4th - Thursdays - Above Goal Podcast",5567374017,10,note,false
1,E83A8598-BE1C-433F-803C-156968E70118,false,341388797,"Before each episode launch, Ken may log in and make a few last minute editorial changes, if he finds errors he will notify the person in charge of the task.",5574316006,1,note,false
1,601EF5AB-C866-4363-9915-99DDA16F79A8,false,341121190,"When we are in the flow of things we will place an order for a GMBP episode with",5567347270,1,note,false
1,57C31727-7543-4EA3-B74F-7AE463859962,false,341914825,"When we are in the flow of things we will place an order for a GMBP episode with",5584920640,1,note,false
10,0506EA8B-21D8-4245-B881-78B6C75D3D8D,true,341647380,"Instructions

Video A:
https://www.loom.com/share/27c9d2114b1a432cbd7d355b9acc4cbe

Video B:
https://www.loom.com/share/fa81a67969cb4168a872fbdf3d50f890",5580167732,10,note,false
47,7E1235F4-BC32-49C6-A710-34833B785B03,true,342143880,"All those girl groups from the nineties Ken you better. I need them 90s background singers.m 

Someone that has seen the throne.Are Beyonces background singers married?

Name all Beyonces background singer'



But then I would do that and we would have an understanding she would get hers I would get mines and I would present for you and make you feel comfortable because I am all-American family man. Im not going to give that to you. And  thats radical. That offends you. To see me in my authentic self. And im not gon do all this extra work just to make you feel comfortable.



",5589310307,47,note,false
5,65126FEF-C199-4423-82E8-3595C0A8AFC3,true,342360834,"What I want.
Wife know the check number",5595212814,5,note,false
1,9E1CA711-8BD3-4AFB-836B-808B440B2DB9,true,342651009,"Sage Battle Weird flex with a profile pic with your family
Hide or report this
Like
 ¬∑ Reply ¬∑ 1h
Corey Hinton
Corey Hinton Sage Battle they are both my daughters
Hide or report this
Like
 ¬∑ Reply ¬∑ 1h
Corey Hinton
Corey Hinton Don't we all look a like
Hide or report this
Like
 ¬∑ Reply ¬∑ 1h
Sage Battle
Sage Battle Corey Hinton lol yeah, your daughters would be your family members
1
Hide or report this
Like
 ¬∑ Reply ¬∑ 1h
Corey Hinton
Corey Hinton Sage Battle 1pt for you
Hide or report this
Like
 ¬∑ Reply ¬∑ 1h
Rachel Nicole
Rachel Nicole Sage Battle I am speaking up one because he is a good friend of mine and 2 because sis I've been in this group for a few now and I've watched you damn near attack every person that post to this group. Notice I said damn near. You disagree with about 80 no 92.4 percent of the content from which come from a man or just don't fit your ideology of how you live your truth. Sis this isn't for everyone to like and agree with but not everything needs an opinion. How is he 'flexing' because he's asking where are the beautiful women that find themselves sexy in whatever form they feel‚Ä¶I guess it's seriously true about blacks in this town really can't support or acknowledge another one of us without some form of hate. Love US first. and please don't take what I'm saying to you in some form of disrespectful attack on you I'm just calling a spade a spade. Peace be unto you sis
Hide or report this
Like
 ¬∑ Reply ¬∑ 32m
Sage Battle
Sage Battle Rachel Nicole I appreciate and hear you sis‚Äî I didn't see this comment as an attack or disagreement. He didn't ask 'where are the beautiful women that find themselves sexy in whatever form they feel', right? He said 'Where are the grown and sexy women in Tucson?'
I thought the question was kinda funny when paired with his profile pic with his family. That's as far as I thought it through‚Äî I just chortled.",5601765655,1,note,false
63,D3B15777-E1B4-459F-8C20-8182147A2C53,true,342144443,"Keep being vulnerable
Keep learning
Keep growing
Keep apologizing
Keep trying
Keep

I keep
Family

I might court her

A single mother who's child is 17 and about to go to college. The single mothers thats about to graduate from high school

\Cause as soon as he gone im gone try to get out here and date, but some of y'all..I need a decade. Don't take a decade. Don't get comfortable being alone because eventually you run out of things to talk about with yourself.

",5589321218,63,note,false
19,AD0744DB-66C4-46ED-9279-5E974BB30FA4,true,342474218,"An Ex-gay leader finally said the jig is up and apologized after fucking peoples lives up for decades. But I have radical empathy for Black people so I just blessem and ill see you next Sunday when you talking about a topic you actually an expert on
",5598444143,19,note,false
8,C2CEBD14-DBE3-4260-9F2B-2CE71465D5C3,true,342904528,"But are you a man though?

I don't want to support no woman!
",5606327832,8,note,false
18,F46C88EE-85B2-42CA-9CAB-BB1929ED7C8F,true,342953898,"Monday I don't fuck with Monday but I do like Tuesday. Tuesday, I don't know about Tuesday but Wednesday",5607307940,18,note,false
39,A806BC86-348D-4C6C-A191-511E273E1308,true,342955148,"Porsha is such a sweet girl. Kenya is so Cass, King, Renaissance. AND she know what im talking about, but of course she rep Detroit even though she went to Cass the school where kids with futures go. Thats how it felt‚Ä¶.Yeah you can have a future it aint gon be a Cass King Renaissance future so whenever im in the room with people those skills. Same rooms‚Ä¶Northwestern.

You better talk about what Northwestern did for you.

I was looking at schools I wanted to go to and I was like the only way they will take me is if I am the valedictorian.

But I built a business though

",5607332609,39,note,false
66,1ECB6602-638B-416C-AB28-DE14D7C0FC0D,true,342955956,"The dude that manage to go bbqing and fishing all the time and does the things he loves and goes on cruises and always having get togethers‚Ä¶That guy

I want an independent woman with her own life and thing that is separate from my entire world.

But I don't want to be your plus one for all the parties you want to go to to present me as your man, I am the man in your life. Im not your man. And you are the woman in my life you not my woman. We can't give our daughters away. 

Well I had her now its time for him‚Ä¶.like come on

That was just wrong
That was just wrong
song

White  People you know their reactions need a lot of space‚Ä¶umm hmmm

Why you have to bring race into?
This is why
Our voice is our freedom

",5607352560,66,note,false
12,B1161878-686F-42BD-BEA4-B07D34E5676F,true,342954422,"I wasn't willing to rot with you
Because I love myself
And im not gone feel guilty about that
But I do
Because I almost always chose to rot with you
",5607319271,12,note,false
9,3E64A07F-A261-4AF5-B98C-DF058B5A1B6D,true,342954795,"You want people to respect

Im a",5607327701,9,note,false
23,33CEC072-DC99-4D56-B591-7878E1CD6315,true,342957423,"Wendy has a great platform with not the top guests

We're still new but I've never..Are we shooting above our reach?",5607374425,23,note,false
8,571A0546-5D6C-4DC2-99D9-D3CEE4571473,true,342967789,"You cant be a better Black person to White people than you are to Black people, thats problematic",5607568223,8,note,false
1,5F05FD63-A7D4-4225-BFD0-46CAC4F774BE,true,342958674,"",5607397406,1,note,false
9,7D9308E4-4BDC-4213-968F-D3D3F381440C,true,342958133,"Why call it Black? I struggled with it.

We need to collectively and finally harness the true value of our talent

If you gon call it Black you better do it right
",5607387387,9,note,false
56,8CE2C97E-E07C-4EE6-A8BF-1FD0FC547A30,true,342964042,"This usually applies in situations where she is 'your woman'‚Ä¶I cant be wasting my good years with you. - Woman perspective

Does she want a roof over her head or does she want  ada and Wills compound? Does Jada want Jada and Wills compound.

Because is there an internal commodification?

What does your woman expect from you and make sure its something that you can give?

",5607496349,56,note,false
4,1787E2C1-20DE-4F42-AA78-3503568A935A,true,343198661,"Regular communication and a system that works cures that anxiety for me
",5612168363,4,note,false
14,1E95186F-7C9B-4EB0-8143-E834D46448B2,true,343199045,"When can we get some time on the calendar to talk about your life insurance needs? How is next Thursday afternoon?

Life Insurance Workshop

Realtor Workshop - Networking Groups
Car Dealer Workshop - Networking Groups",5612178671,14,note,false
2,E6243CA6-CA0F-443E-A02A-C71BF39D7B72,true,343200583,"https://blog.hubspot.com/sales/email-sign-offs-put-best-thanks-to-shame",5612209516,2,note,false
16,A4053D98-C727-4536-9304-0AF47EE9AE6B,true,343342383,"The problem isn't the parents that went looking for their kids though, its the people in pitchforks behind him that don't know that they killed the kids and said the witches did it.

WITCH HUNT - THE MOVIE

",5616711838,16,note,false
6,742BBF9D-865C-4ABD-83D0-1471A2A71AC5,true,343417096,"I don't want to be a leader here, nor am I presupposing that I have the chops to lead you or that you want me to lead you
",5619115250,6,note,false
29,ABE97DB3-6231-4799-9187-82D5261CE0A4,true,344059841,"I realize that I put on a mask to make White people feel comfortable. I was sad to realize that. But I slowly reveal myself‚Ä¶I realize there is a ceiling above how much of my blackness will be allowed, none of it will never be celebrated.

Celebrate Blackness

Self-Imposed Brand Manager for The Culture
",5631968588,29,note,false
1,9914E78A-8EF4-4501-B081-58D8E78B06D8,true,344061589,"",5632003592,1,note,false
49,AB9874A4-9500-405B-B68C-B5B9FE9BB024,true,343340269,"Its not about sex. Its about having a commitment to the point where you won't just break up over truly petty stuff because you have an institution and a written commitment to each other.



Thats why we need commitment letters




I learned that working with working class people has its own difficulties too.

But I want to work with Black people

",5616648403,49,note,false
6,FD0F22C1-092F-44E7-8F1C-5899C7441CE5,true,344087709,"",5632475506,6,note,false
14,6E78FA61-7074-4BC8-AE0A-113A94C830B2,true,344062383,"She like yeah, but you wrong though.
We both were wrong. But I know I was wrong but im not wrong no more, you still wrong‚Ä¶The fact that you still wrong is what bothers me


When you make a hard decision you have to trust that you were right. ",5632019446,14,note,false
2,427A0F59-4AB0-41D5-8BB6-F4508D401F3B,true,344214808,"We've ",5635270291,2,note,false
4,0BD417E6-B8E8-4D34-8A50-73A9D2ADDC40,true,344152220,"",5632479582,4,note,false
15,8F78FFEE-0F91-4E93-BB7A-491DD8DD1DE6,true,344060498,"Its not about money‚Ä¶their is always money‚Ä¶you just need wealth. The more efficiently you have wealth",5631979622,15,note,false
20,5A314029-289E-4B8C-8219-BFEBFFB202FA,true,344595166,"Campus and Compound are two different things

On Campus Housing

Graceful Metal Detectors like city Hall


He knows me to well. He speaks to me - Pastor

Im not Pastor Lewis and I don't know no Mrs. Lewis.",5632629392,20,note,false
17,0565FAA9-9A44-4F62-890E-02E1CA3E02C6,true,344215660,"He gets to hide behind Blackness. He continues to let us know how powerful Blackness. He has the power to harness Blackness. - Kanye. I don't like the way he uses it though. 

Humility
",5635303431,17,note,false
13,FC99A50D-DF54-4C1B-B5CA-C0AB45AE320D,true,344216797,"Sure you could monetize the White House for cash flow but do it to uplift..
",5635343815,13,note,false
150,D251E890-427A-4342-B8B0-DC958652C9E7,true,344219347,"Music Studios
Incubators for music
Barbershop
Hostel
Gym
Computer Lab
Library
Call Center
School - Cobb

Rooftop Lounge
SneakerHeads Store
Music Store
Book Store
Lecture Hall
Theatre
Charity Casino profits still go to charity
Jedda Lashae - Tiffanys

Neighborhoods
- Brooklyn
Harlem
Chicago
LA 
Vegas
Retirees


CAA like space mixed with a bit of Aon on a tight nit campus
Dubai on a campus
Water Park

Take a transit bus. Don't drive. It's a Black van service..its nice and you get to go to the wilderness. 

Arizona is a special place‚Ä¶.A library
",5635438464,150,note,false
139,3FE742C2-693C-4C6E-827C-ADBA31AB6D2F,true,344214827,"we've always been. Here.

It doesn't jive with White expectation. Its baffling, its intimidating, is mesmerizing, but not what you as a White person will allow 

A difficult Negro. Whiteness as a collective is like an electric fence around Black liberation. Whenever we move to far out to pasture we are shot down with nary an explanation. 

You turned us on each other to maintain your economic system and to build your country and you want to talk about 80% Black crime is our fault. Whiteness is built ontop of our disharmony, you literally profit every moment from it. Yet its still our fault. I just don't understand. 

Well Ken its your victim mentality. Oh so you think we equal? We're equal in America but we are not EQUAL in America. The smart mentality is to recognize that‚Ä¶..so you don't get you ass killed in America.

For some that recognition kills dream of America for them. But thats why I love Martin Luther King because he dared to dream in America. 

Dreaming in America take a lot of courage, because America has a habit of killing Black dreams and ambitions and the bodies that hold them.

But you can't kill our spirit.






",5635277193,139,note,false
117,97CF4042-7E0D-410A-B1FF-470339CBBF4F,true,344301859,"Letter‚Ä¶

Why you should buy this recording

Intro to Risk Sales and Advising
Private Class

Inquries due

Application Due

Winter

Absolutely no refunds
Calendly

Includes Exam FX

Information Session
$25",5637126858,117,note,false
27,68557863-ABC8-473D-B24C-373D847F0584,true,344216908,"Jedda Lashae Umbrellas are $1,000,000 a piece

It doesn't top it from raining. It does everything else though.

Diamond Umbrellas

If im selling a product to you its because

",5635346693,27,note,false
11,7BC10899-FBAC-4F90-9FEA-1BE7525A3216,true,346473926,"1. Use Tucson Weekly
2. Restaurant recommendations from Team Members
3. Madera Canyon
4. Beach I went to
5 Mountains
6. Mission Road
",5686173802,11,note,false
639,2F6211F8-8D58-4EFC-A4F5-A68125F06CC2,true,344297280,"Property/Casualty and Job Placement Services



Dear Prospective Student,

Congratulations on keeping your commitment to Everise and Aon and completing the Annual Enrollment Period! You should be proud of yourself for being a part of a very important part of this business.

What is Ken Jones Call Center? It is a space where we nurture and help realize potential talent from working class communities to grow our communities. We're here to build careers while servicing the immediate and long-term business needs of the BPO industry as a whole and the culture of the contact centers specifically. KJCC is a Social Business. (kenjonescallcenter.org)

The first Leadership Development Program being offered is the . Risk Sales and Advising Fellowship Program.  RSA Fellows will embark to a career as a Junior Risk Advisors will embark on a ‚Ä¶.use EP and cC la

The Risk Sales and Advising Program is designed to create producers that are equipped to win business and willing to grind to build a book of business that will cement their career in risk services.  It incorporates life and business strategy. 9 Seats are available, only for employees of the Drexel location of Everise in Tucson, AZ. First Come First Served

Confirmation Meetings must be scheduled by 12/5/2019 at 11:59pm to be eligible for the early commitment discount.

Early Commitment
Regular Commitment

*State licensing requirements are often stringent and may  decline to license you based on any convicted felonies or pending charges. If you are concerned about consult a community attorney.

Investment Banking Culture


Non-guaranteed job assistance services will be provided

100 Placements. 

Led by Kenneth Jones, Senior Risk Advisor.

I didn't have to be the boss or the advisor I just got to be an employee. I served Aon's clients as I always have with vigor, straightforwardness, and honesty. 

When I was 21 I  began my career as a Team Room Strategy Consultant at Aon. I participated in Aon's second Early Career Development Program class in 2006 and rotated through the Corporate Strategy team - xx, and completed the program with the Enterprise Risk Management practice serving clients in these industries.

I've contributed to programs and curriculum for two fellowship programs. Education Pioneers and campusCATALYST. Continuing my interest in fellowships, I worked with 

 

t to be the boss, or be the employee

 intro to Risk Sales and Advising. 

I love to joke around and I appreciated working here because I got to be a cog in a wheel of a system I could not control. I didn't have to lead. I didn't have to manage. Working at Everise has helped me find my good enough. I say this to say, I got to be myself here, my good and bad self. I never get to be bad.


Open enrollment-guaranteed admittance- no applications necessary begins December 15th and ends January 5th for the inaugural class exclusively 

Kenjonescallcenter has no contractual relationship or business with Ever Rise whatsoever.










Mediwhowhatnow?

I can to learn about the business.
Intro to Medicare Sales and Advising
Intro to Benefits Sales and Advising

$999


Kenjonescallcenter
Building Careers

Calendly
Business Lunch at jjjjjjj


https://www.goldmansachs.com/careers/students/explore/index.html ",5637833994,639,note,false
3,E0BCEEF0-F8C5-47E9-A952-34A6D4332163,true,344273947,"Recruitment
Retention
Training
Licensing -kenjonescallcenter.com
Professional Development",5637131721,3,note,false
4,747D44B1-4EFA-41D0-94CA-60C133A55491,true,346744000,"",5691713760,4,note,false
27,66DFE290-F70A-4AC0-9F6A-4AA27E65D128,true,346617990,"Physically signature is needed‚Ä¶.upload documents

1100 expenses

Is the file 
Call once a week to get status on account
",5689082422,27,note,false
2,4D56AA1F-C847-45A2-82DF-7AB8174E48D4,true,346497144,"Don‚Äôt be the happy negro that does the bidding of the status quo because you‚Äôre afraid. Don‚Äôt allow them to call you angry when someone else is called passionate. It‚Äôs terrifying.",5686237912,2,note,false
17,8164C18C-A7BE-4111-95B7-62ABF4479F89,true,346907853,"I need to be able to search tabs and move between spreadsheets at one time with lots and lots of tabs. They need to be movable around the screen just like folders on a Mac desktop. They can go anywhere and there is no uniformity. You can also post post it notes",5695476738,17,note,false
3,7742AC08-0E36-4F8D-8BBC-9215E8852642,true,346770529,"Good Evening to you All‚Ä¶ I am 77578 AKA KOKO.. Now I am Georganna KelleyüëêüèΩ. I am opening up a womens home in south Phoenix and I am looking for women who are incarcerated or just got out and looking for a WONDERFUL FUTURE AND A HEAD START IN THERE LIVES. The program is a 1 year - 2 year commitment and I am currently seeking 5 women who are ready for an education or seeking to learn a trade towards a better life. She must have a DOC number and either now incarnated or just got out in order to be considered or interviewed. This home is not a half way house, a rehab or owned by the state. This home is based solely on education or wanting a career. There is no fee to get in but in 3 months I will help her get a job and she can go to school full time or part time but she will have to work. I will connect her with all the Services that she needs in order to give her the best chance at SUCCESS! Please contact me if you know someone or maybe it's you‚Ä¶..
BLESSINGS TO YOU ALL WHO MADE IT OUT. It's been 20 years for me and I haven't looked back.
I WILL only answer by text 602 803 8077. I do have a PO BOX for those who are on the inside and would like to write me with concerns ONLY about what is Called 'The House On Beverly'!!! My PO BOX is 91439
Georganna Kelley
6825 S. 7th St.
Phoenix, Az 85042-9998
A SAFE PLACE TO LAND AFTER INCARCERATION‚Ä¶ THE HOUSE ON BEVERLY.",5692351012,3,note,false
3,C0D25C51-855C-4296-97D3-EAAD76A0C31B,true,346916202,"https://boardsource.org/shop/
",5695664650,3,note,false
18,351003E2-8A42-4473-9C36-42204C2F0C7A,true,346920364,"Ritz Carlton to my house out there
No Phones 
Compound‚Ä¶..Bus Ride",5695689622,18,note,false
2,92AEF6E5-C48B-4FCA-945C-8C4AE0CE3381,true,346917950,"Bed and Breakfast",5695710725,2,note,false
3,0D1B76C7-BDCA-4A82-9300-E068E51F86BD,true,346919842,"",5695691684,3,note,false
6,C2ECD9F7-A1FE-40BD-BCA7-1C533DA850FD,true,346917955,"Bed and Breakfast
It's a city‚Ä¶but its also a movie studio and actual working town
",5695710819,6,note,false
11,139A1978-8B5B-4C6A-8E29-814E33560373,true,346922042,"Artist Showcase
Playlist
",5695811621,11,note,false
8,F2870AF2-DA12-4133-8B0A-4C7205DF876F,true,346918553,"The Nonprofit Rebels Philosophy
Edited By
",5695725697,8,note,false
9,CF73EAE9-1B4A-4F8F-A419-0BCB83B46774,true,346918478,"A nonprofit news website
",5695723572,9,note,false
